Region,Tmin_Trend,Tmin_p-value,Tmin_Slope,Tmax_Trend,Tmax_p-value
High Mountain,no trend,0.2600184322532295,-0.009848245614035096,decreasing,0.017733083773368463
Hill,decreasing,0.029596346584927158,-0.024264087468460895,increasing,0.004709212207341107
Middle Mountain,decreasing,2.3723992326196708e-08,-0.057723948433014344,increasing,0.031785353639091074
Siwalik,decreasing,5.322863483314677e-09,-0.15799620214439153,no trend,0.910785422298658
Tarai,decreasing,3.6946034043694453e-05,-0.037430896406926456,no trend,0.40085597145790164
