Region,Tmin_Trend,Tmin_p-value,Tmin_Slope,Tmax_Trend,Tmax_p-value,Tmax_Slope,Tavg_Trend,Tavg_p-value,Tavg_Slope
High Mountain,decreasing,0.040624816777876216,-0.008559907928142284,no trend,0.10701963701958461,0.005232034346997864,no trend,0.9355231569210325,-0.0003730731582156088
Hill,decreasing,0.04313016440490647,-0.007858580393158336,no trend,0.8470291742080589,-0.0007414754969514593,no trend,0.4514663306063844,-0.002518943766165904
Middle Mountain,decreasing,0.009123237675514373,-0.01583885814078489,no trend,0.298699288595655,0.007517300848600221,no trend,0.5460944987513803,0.0024446473598455244
Siwalik,decreasing,1.0239809660861354e-05,-0.06288879650541712,decreasing,1.6143356169173728e-05,-0.03304276403949402,decreasing,5.7194179969854986e-06,-0.050016251681081494
Tarai,decreasing,0.0014111765423781009,-0.015452864409706068,no trend,0.5627706487287689,-0.002627628767964127,no trend,0.18501172170041302,-0.006036661451160101
