Region,Tmin_Slope,Tmin_Intercept,Tmax_Slope,Tmax_Intercept,Tavg_Slope,Tavg_Intercept,Tmin_Equation,Tmax_Equation,Tavg_Equation
High Mountain,-0.008889734949320943,15.462113898004853,0.003649483690083764,2.5759630979397974,-0.002620125629618586,9.019038497972318,Tmin: y = -0.01x + 15.46,Tmax: y = 0.00x + 2.58,Tavg: y = -0.00x + 9.02
Hill,-0.00723759327590913,27.88209352823824,-0.001821176759490673,27.813447645135074,-0.004529385017699905,27.847770586686664,Tmin: y = -0.01x + 27.88,Tmax: y = -0.00x + 27.81,Tavg: y = -0.00x + 27.85
Middle Mountain,-0.003745428787089992,13.974931014757088,0.013606643268379069,-9.34735204733903,0.00493060724064453,2.3137894837090442,Tmin: y = -0.00x + 13.97,Tmax: y = 0.01x + -9.35,Tavg: y = 0.00x + 2.31
Siwalik,-0.06281476267882986,145.23980713746278,-0.02980610699874972,91.5546676605093,-0.04631043483878979,118.39723739898604,Tmin: y = -0.06x + 145.24,Tmax: y = -0.03x + 91.55,Tavg: y = -0.05x + 118.40
Tarai,-0.014556607658182551,50.79457374268664,-0.004112996043960104,41.14660017746098,-0.00933480185107131,45.970586960073774,Tmin: y = -0.01x + 50.79,Tmax: y = -0.00x + 41.15,Tavg: y = -0.01x + 45.97
