Region,Tmin_Slope,Tmin_Intercept,Tmax_Slope,Tmax_Intercept,Tmin_Equation,Tmax_Equation
High Mountain,-0.011487207468264433,5.495365681520376,-0.022806374433470073,65.19734504469841,TNn: y = -0.01x + 5.50,TXx: y = -0.02x + 65.20
Hill,-0.04015864621893179,75.47962982548917,0.05239035903764548,-67.0771945774735,TNn: y = -0.04x + 75.48,TXx: y = 0.05x + -67.08
Middle Mountain,-0.06340238211337303,121.582143270827,0.05860162291918964,-91.62403222950947,TNn: y = -0.06x + 121.58,TXx: y = 0.06x + -91.62
Siwalik,-0.15711437843852094,320.8917777211563,-0.0004862657391738158,40.24851558230674,TNn: y = -0.16x + 320.89,TXx: y = -0.00x + 40.25
Tarai,-0.04168033894950432,94.75109094984845,-0.004438317033505388,47.85975457725136,TNn: y = -0.04x + 94.75,TXx: y = -0.00x + 47.86
